cycles,side,pmax,PA,CCT,Dt,PS,mu,ad,I,M,Tumor size,Confluence
480,75,19,2,47,0.041666666666666664,26,4,4,2,10,46,0.8177777777777778
480,75,20,2,41,0.041666666666666664,47,5,0,2,10,352,6.257777777777777
480,75,16,2,16,0.041666666666666664,26,3,3,4,4,280,4.977777777777778
480,75,20,1,37,0.041666666666666664,14,9,8,1,3,513,9.120000000000001
480,75,19,2,48,0.041666666666666664,27,4,10,4,8,0,0.0
480,75,18,1,12,0.041666666666666664,25,6,10,2,10,276,4.906666666666667
480,75,16,1,35,0.041666666666666664,48,6,10,3,8,179,3.1822222222222223
480,75,18,1,37,0.041666666666666664,38,8,5,1,3,1167,20.746666666666666
480,75,18,2,31,0.041666666666666664,27,4,4,2,5,987,17.546666666666667
480,75,16,3,33,0.041666666666666664,54,6,8,4,3,25,0.4444444444444444
480,75,15,2,21,0.041666666666666664,17,3,10,4,6,0,0.0
480,75,18,3,29,0.041666666666666664,37,6,0,2,2,0,0.0
480,75,19,1,21,0.041666666666666664,60,9,9,4,0,678,12.053333333333335
480,75,19,2,21,0.041666666666666664,47,3,6,1,5,949,16.871111111111112
480,75,19,2,23,0.041666666666666664,46,5,0,2,6,2192,38.968888888888884
480,75,17,3,48,0.041666666666666664,29,10,5,4,1,0,0.0
480,75,20,2,29,0.041666666666666664,63,8,1,3,8,3193,56.764444444444436
480,75,15,3,41,0.041666666666666664,34,4,4,2,10,0,0.0
480,75,19,2,32,0.041666666666666664,51,8,7,1,0,576,10.24
480,75,18,3,39,0.041666666666666664,70,10,9,3,2,59,1.048888888888889
480,75,16,2,15,0.041666666666666664,37,8,2,1,9,3737,66.43555555555555
480,75,15,2,45,0.041666666666666664,18,7,7,0,4,159,2.8266666666666667
480,75,17,3,36,0.041666666666666664,25,5,3,5,7,0,0.0
480,75,16,3,13,0.041666666666666664,58,5,1,0,5,5041,89.61777777777777
480,75,20,2,42,0.041666666666666664,41,5,3,5,0,0,0.0
480,75,18,2,13,0.041666666666666664,55,6,6,5,1,1467,26.08
480,75,18,1,37,0.041666666666666664,18,7,7,2,3,326,5.795555555555556
480,75,19,3,41,0.041666666666666664,15,4,1,4,10,0,0.0
480,75,20,1,20,0.041666666666666664,63,2,5,3,8,879,15.626666666666667
480,75,20,1,44,0.041666666666666664,58,7,4,5,4,0,0.0
480,75,20,1,37,0.041666666666666664,58,9,4,3,0,384,6.826666666666667
480,75,17,1,44,0.041666666666666664,52,4,0,2,9,268,4.764444444444445
480,75,18,1,30,0.041666666666666664,26,5,4,4,2,62,1.1022222222222222
480,75,17,2,29,0.041666666666666664,49,8,5,4,8,0,0.0
480,75,20,2,32,0.041666666666666664,11,8,8,3,0,0,0.0
480,75,18,2,17,0.041666666666666664,43,7,4,3,8,2215,39.37777777777778
480,75,17,2,14,0.041666666666666664,54,6,5,0,8,2627,46.702222222222225
480,75,17,2,35,0.041666666666666664,35,10,1,3,5,246,4.373333333333333
480,75,17,1,46,0.041666666666666664,47,2,2,5,6,0,0.0
480,75,15,2,16,0.041666666666666664,65,5,1,1,2,5166,91.84
480,75,18,1,45,0.041666666666666664,51,8,4,1,8,343,6.097777777777778
480,75,18,2,35,0.041666666666666664,45,7,3,2,3,1254,22.293333333333333
480,75,17,1,14,0.041666666666666664,63,3,0,5,2,1998,35.52
480,75,19,2,43,0.041666666666666664,33,7,8,5,4,0,0.0
480,75,15,3,18,0.041666666666666664,29,8,0,4,6,152,2.7022222222222223
480,75,19,1,43,0.041666666666666664,15,10,8,3,3,21,0.37333333333333335
480,75,18,3,34,0.041666666666666664,49,5,7,2,7,248,4.408888888888889
480,75,15,3,19,0.041666666666666664,66,4,1,1,8,3571,63.48444444444444
480,75,19,3,41,0.041666666666666664,25,7,9,0,7,76,1.3511111111111112
480,75,15,2,44,0.041666666666666664,18,3,6,5,3,0,0.0
480,75,20,3,24,0.041666666666666664,29,10,1,4,0,83,1.4755555555555555
480,75,19,1,17,0.041666666666666664,32,3,5,5,9,473,8.408888888888889
480,75,18,1,17,0.041666666666666664,20,3,7,5,0,227,4.035555555555556
480,75,19,1,30,0.041666666666666664,22,5,6,1,2,977,17.36888888888889
480,75,20,2,23,0.041666666666666664,25,3,4,5,1,0,0.0
480,75,19,3,28,0.041666666666666664,36,8,6,0,3,556,9.884444444444444
480,75,19,3,22,0.041666666666666664,16,4,10,0,1,105,1.866666666666667
480,75,19,1,32,0.041666666666666664,42,4,10,0,9,429,7.626666666666666
480,75,15,3,36,0.041666666666666664,36,4,3,5,8,0,0.0
480,75,17,1,17,0.041666666666666664,71,2,10,5,8,204,3.626666666666667
480,75,17,3,26,0.041666666666666664,29,10,4,1,9,1131,20.106666666666666
480,75,19,2,22,0.041666666666666664,24,4,3,1,5,2190,38.93333333333333
480,75,16,3,41,0.041666666666666664,71,10,3,2,10,878,15.608888888888888
480,75,20,3,46,0.041666666666666664,27,9,3,1,1,2,0.035555555555555556
480,75,16,2,18,0.041666666666666664,56,8,8,4,8,1300,23.11111111111111
480,75,18,2,16,0.041666666666666664,44,8,2,4,9,2007,35.68
480,75,16,3,31,0.041666666666666664,74,9,7,1,6,1840,32.711111111111116
480,75,16,1,48,0.041666666666666664,59,4,5,3,6,205,3.644444444444445
480,75,15,3,28,0.041666666666666664,13,3,7,4,10,0,0.0
480,75,20,2,39,0.041666666666666664,16,5,2,0,10,1091,19.395555555555553
480,75,16,1,40,0.041666666666666664,72,4,2,5,3,0,0.0
480,75,19,2,33,0.041666666666666664,42,9,0,5,6,24,0.4266666666666667
480,75,18,1,30,0.041666666666666664,12,2,6,3,5,325,5.777777777777778
480,75,20,1,12,0.041666666666666664,47,10,9,2,0,1148,20.40888888888889
480,75,17,2,33,0.041666666666666664,52,10,4,0,1,1676,29.795555555555552
480,75,18,3,32,0.041666666666666664,44,2,1,2,10,621,11.04
480,75,16,2,38,0.041666666666666664,57,6,3,5,7,6,0.10666666666666667
480,75,19,2,25,0.041666666666666664,50,3,4,0,1,1864,33.13777777777778
480,75,15,3,18,0.041666666666666664,42,4,1,2,0,720,12.8
480,75,17,1,47,0.041666666666666664,25,3,7,4,8,0,0.0
480,75,15,2,40,0.041666666666666664,21,8,1,0,5,324,5.76
480,75,18,3,48,0.041666666666666664,34,6,7,1,5,21,0.37333333333333335
480,75,16,3,39,0.041666666666666664,27,9,8,4,5,0,0.0
480,75,17,3,48,0.041666666666666664,67,3,10,4,4,0,0.0
480,75,19,2,30,0.041666666666666664,74,7,9,5,6,0,0.0
480,75,20,2,41,0.041666666666666664,45,6,4,2,3,583,10.364444444444445
480,75,18,2,19,0.041666666666666664,35,10,1,4,10,2128,37.83111111111111
480,75,15,1,24,0.041666666666666664,34,6,7,3,10,579,10.293333333333333
480,75,16,1,16,0.041666666666666664,56,3,4,2,5,1467,26.08
480,75,16,1,27,0.041666666666666664,55,5,3,3,10,5,0.08888888888888889
480,75,16,2,18,0.041666666666666664,69,6,5,4,7,2704,48.07111111111111
480,75,18,3,47,0.041666666666666664,38,6,1,4,7,0,0.0
480,75,17,1,22,0.041666666666666664,25,4,2,5,10,727,12.924444444444443
480,75,18,3,30,0.041666666666666664,75,2,7,3,7,1553,27.608888888888888
480,75,15,3,45,0.041666666666666664,22,10,5,5,5,0,0.0
480,75,18,2,41,0.041666666666666664,31,10,1,5,1,3,0.05333333333333334
480,75,17,3,25,0.041666666666666664,15,7,7,0,1,616,10.95111111111111
480,75,16,3,13,0.041666666666666664,26,5,10,3,6,277,4.924444444444444
480,75,18,3,42,0.041666666666666664,30,2,4,5,8,0,0.0
480,75,18,1,33,0.041666666666666664,62,7,10,1,8,467,8.302222222222222
480,75,17,1,38,0.041666666666666664,60,6,6,5,0,0,0.0
480,75,15,2,13,0.041666666666666664,41,6,2,2,0,3953,70.27555555555556
480,75,16,3,33,0.041666666666666664,56,7,10,3,8,27,0.48
480,75,15,1,44,0.041666666666666664,52,5,0,3,3,672,11.946666666666667
480,75,20,2,42,0.041666666666666664,16,6,10,4,10,0,0.0
480,75,18,2,31,0.041666666666666664,45,4,0,4,3,125,2.2222222222222223
480,75,15,1,33,0.041666666666666664,13,4,7,0,3,386,6.862222222222222
480,75,18,3,21,0.041666666666666664,29,10,2,0,6,2877,51.14666666666666
480,75,17,2,48,0.041666666666666664,46,10,5,4,1,1,0.017777777777777778
480,75,19,3,43,0.041666666666666664,69,7,8,0,7,905,16.08888888888889
480,75,19,2,29,0.041666666666666664,38,5,6,4,2,42,0.7466666666666667
480,75,20,2,15,0.041666666666666664,18,2,4,0,10,369,6.5600000000000005
480,75,18,2,12,0.041666666666666664,61,3,1,4,0,3034,53.937777777777775
480,75,16,3,34,0.041666666666666664,17,8,2,0,7,205,3.644444444444445
480,75,19,1,18,0.041666666666666664,46,8,4,0,7,2288,40.675555555555555
480,75,16,1,19,0.041666666666666664,45,6,5,1,5,1968,34.986666666666665
480,75,16,1,12,0.041666666666666664,35,3,4,2,8,747,13.28
480,75,17,3,28,0.041666666666666664,48,8,9,3,5,458,8.142222222222223
480,75,19,1,43,0.041666666666666664,64,5,10,0,1,439,7.804444444444444
480,75,18,3,38,0.041666666666666664,69,3,3,2,2,496,8.817777777777778
480,75,20,2,45,0.041666666666666664,47,9,5,2,6,0,0.0
480,75,20,1,44,0.041666666666666664,14,10,5,2,4,13,0.2311111111111111
480,75,17,1,41,0.041666666666666664,41,2,8,0,10,488,8.675555555555556
480,75,20,1,32,0.041666666666666664,13,6,8,1,7,817,14.524444444444445
480,75,19,3,45,0.041666666666666664,35,8,10,4,6,0,0.0
480,75,18,3,31,0.041666666666666664,36,5,3,1,10,969,17.226666666666667
480,75,16,2,47,0.041666666666666664,67,3,8,2,4,244,4.337777777777778
480,75,16,1,25,0.041666666666666664,12,7,7,2,7,116,2.062222222222222
480,75,18,1,37,0.041666666666666664,32,2,6,0,7,358,6.364444444444445
480,75,17,1,34,0.041666666666666664,30,3,3,2,10,378,6.72
480,75,18,3,39,0.041666666666666664,24,3,5,2,9,166,2.951111111111111
480,75,18,3,25,0.041666666666666664,59,5,9,2,9,376,6.684444444444444
480,75,15,1,37,0.041666666666666664,10,2,0,0,2,739,13.137777777777778
480,75,20,2,31,0.041666666666666664,37,8,6,2,10,712,12.65777777777778
480,75,17,2,12,0.041666666666666664,24,7,0,1,8,3033,53.92
480,75,16,2,31,0.041666666666666664,53,7,7,5,6,0,0.0
480,75,15,2,21,0.041666666666666664,36,3,10,2,9,285,5.066666666666666
480,75,17,2,28,0.041666666666666664,43,3,1,3,5,638,11.342222222222222
480,75,15,2,38,0.041666666666666664,68,2,3,5,3,603,10.72
480,75,19,2,13,0.041666666666666664,32,6,10,3,10,234,4.16
480,75,19,1,12,0.041666666666666664,37,6,9,0,10,633,11.253333333333334
480,75,17,2,19,0.041666666666666664,46,5,3,0,2,2688,47.78666666666667
480,75,19,3,16,0.041666666666666664,38,4,2,1,6,1542,27.413333333333334
480,75,16,3,28,0.041666666666666664,49,9,2,4,3,221,3.928888888888889
480,75,16,2,43,0.041666666666666664,10,4,9,0,2,50,0.8888888888888888
480,75,17,2,31,0.041666666666666664,52,4,2,5,2,0,0.0
480,75,18,1,31,0.041666666666666664,26,8,9,1,7,476,8.462222222222222
480,75,20,2,12,0.041666666666666664,62,7,8,2,6,2152,38.25777777777778
480,75,19,3,48,0.041666666666666664,11,6,6,5,5,0,0.0
480,75,17,3,48,0.041666666666666664,44,6,6,1,2,78,1.3866666666666667
480,75,18,2,23,0.041666666666666664,32,4,10,5,0,0,0.0
480,75,16,1,25,0.041666666666666664,13,4,2,1,3,736,13.084444444444445
480,75,18,1,29,0.041666666666666664,71,5,0,5,1,699,12.426666666666666
480,75,16,1,42,0.041666666666666664,46,6,2,1,9,862,15.324444444444444
480,75,16,3,34,0.041666666666666664,48,6,3,0,3,922,16.391111111111112
480,75,18,2,15,0.041666666666666664,72,5,3,4,7,4629,82.29333333333332
480,75,18,2,28,0.041666666666666664,68,2,9,5,1,0,0.0
480,75,20,3,34,0.041666666666666664,11,3,6,1,3,5,0.08888888888888889
480,75,17,3,44,0.041666666666666664,29,8,10,5,8,0,0.0
480,75,20,3,34,0.041666666666666664,27,3,3,2,4,53,0.9422222222222223
480,75,17,3,23,0.041666666666666664,66,9,5,4,9,4251,75.57333333333334
480,75,18,2,33,0.041666666666666664,47,10,3,0,4,2268,40.32
480,75,19,1,24,0.041666666666666664,28,4,3,3,3,481,8.55111111111111
480,75,16,3,12,0.041666666666666664,11,9,7,0,2,855,15.2
480,75,15,2,30,0.041666666666666664,73,3,1,4,8,1213,21.564444444444444
480,75,20,2,40,0.041666666666666664,25,9,10,1,5,104,1.8488888888888888
480,75,17,3,19,0.041666666666666664,10,9,7,0,1,300,5.333333333333334
480,75,18,3,28,0.041666666666666664,41,8,0,5,3,71,1.2622222222222221
480,75,15,2,34,0.041666666666666664,67,6,2,5,9,143,2.542222222222222
480,75,17,2,20,0.041666666666666664,19,4,1,4,1,0,0.0
480,75,18,2,23,0.041666666666666664,41,8,5,4,6,11,0.19555555555555554
480,75,20,2,22,0.041666666666666664,57,8,5,5,9,596,10.595555555555555
480,75,17,1,12,0.041666666666666664,70,5,1,3,4,2453,43.60888888888889
480,75,19,3,19,0.041666666666666664,63,3,8,4,4,1387,24.657777777777778
480,75,19,2,31,0.041666666666666664,52,6,9,4,2,317,5.635555555555555
480,75,17,1,13,0.041666666666666664,14,10,10,3,0,108,1.92
480,75,18,2,41,0.041666666666666664,69,10,3,0,4,2847,50.61333333333333
480,75,20,2,13,0.041666666666666664,66,5,8,3,9,874,15.537777777777778
480,75,16,1,37,0.041666666666666664,24,4,7,0,6,933,16.586666666666666
480,75,17,1,16,0.041666666666666664,27,7,4,4,10,705,12.533333333333333
480,75,16,1,18,0.041666666666666664,55,7,10,4,6,230,4.0888888888888895
480,75,20,3,42,0.041666666666666664,27,2,1,1,9,13,0.2311111111111111
480,75,15,2,41,0.041666666666666664,38,5,5,0,6,929,16.515555555555554
480,75,20,2,25,0.041666666666666664,12,6,9,1,5,545,9.688888888888888
480,75,20,1,13,0.041666666666666664,31,4,10,0,5,543,9.653333333333332
480,75,20,3,42,0.041666666666666664,32,3,1,2,9,45,0.8
480,75,16,3,34,0.041666666666666664,22,3,10,2,5,62,1.1022222222222222
480,75,19,1,40,0.041666666666666664,43,4,10,2,4,241,4.2844444444444445
480,75,16,2,40,0.041666666666666664,34,4,2,4,9,0,0.0
480,75,18,3,29,0.041666666666666664,41,8,3,2,0,276,4.906666666666667
480,75,20,1,33,0.041666666666666664,11,7,2,0,9,3109,55.27111111111112
480,75,15,3,16,0.041666666666666664,36,4,8,2,2,591,10.506666666666668
480,75,19,1,15,0.041666666666666664,58,4,3,1,3,3611,64.19555555555554
480,75,18,2,37,0.041666666666666664,16,7,6,0,8,281,4.995555555555556
480,75,15,3,36,0.041666666666666664,52,8,8,4,0,0,0.0
480,75,20,1,43,0.041666666666666664,38,4,3,3,5,222,3.9466666666666663
480,75,16,3,28,0.041666666666666664,28,4,0,4,10,0,0.0
480,75,20,2,28,0.041666666666666664,39,10,1,4,3,1712,30.435555555555556
480,75,20,3,17,0.041666666666666664,56,3,4,0,9,1364,24.24888888888889
480,75,19,2,15,0.041666666666666664,22,2,1,1,2,13,0.2311111111111111
480,75,19,3,33,0.041666666666666664,38,2,0,4,6,27,0.48
480,75,20,3,44,0.041666666666666664,29,8,2,3,1,0,0.0
480,75,18,2,25,0.041666666666666664,50,5,3,4,9,1286,22.862222222222222
480,75,20,3,25,0.041666666666666664,25,3,8,4,1,0,0.0
480,75,20,2,14,0.041666666666666664,64,8,6,1,9,3002,53.36888888888889
480,75,18,3,20,0.041666666666666664,50,5,9,2,10,1009,17.93777777777778
480,75,18,3,14,0.041666666666666664,25,8,10,5,9,0,0.0
480,75,19,3,36,0.041666666666666664,37,6,7,5,0,0,0.0
480,75,16,3,32,0.041666666666666664,24,4,2,4,2,0,0.0
480,75,16,3,46,0.041666666666666664,32,3,8,3,3,0,0.0
480,75,20,3,27,0.041666666666666664,74,10,0,1,0,5265,93.60000000000001
480,75,15,1,45,0.041666666666666664,32,2,6,1,2,300,5.333333333333334
480,75,15,1,15,0.041666666666666664,48,10,8,3,3,1077,19.14666666666667
480,75,18,1,32,0.041666666666666664,72,7,8,3,9,1790,31.822222222222223
480,75,18,2,38,0.041666666666666664,54,9,9,3,10,504,8.959999999999999
480,75,19,2,43,0.041666666666666664,18,7,10,0,0,41,0.7288888888888889
480,75,16,1,38,0.041666666666666664,69,3,1,5,0,14,0.2488888888888889
480,75,19,3,44,0.041666666666666664,27,3,5,5,0,0,0.0
480,75,17,1,23,0.041666666666666664,11,8,2,0,6,2477,44.035555555555554
480,75,15,3,42,0.041666666666666664,29,9,9,2,10,67,1.1911111111111112
480,75,19,1,22,0.041666666666666664,41,6,9,0,0,769,13.671111111111111
480,75,15,3,47,0.041666666666666664,29,7,2,2,8,18,0.32
480,75,17,1,47,0.041666666666666664,53,7,2,1,1,1263,22.453333333333333
480,75,17,1,42,0.041666666666666664,15,3,10,3,3,40,0.7111111111111111
480,75,18,3,37,0.041666666666666664,49,7,4,5,1,0,0.0
480,75,17,1,21,0.041666666666666664,57,7,10,5,9,223,3.9644444444444447
480,75,20,2,29,0.041666666666666664,31,7,3,4,0,0,0.0
480,75,20,3,30,0.041666666666666664,10,4,10,4,4,0,0.0
480,75,16,1,39,0.041666666666666664,25,6,9,5,3,0,0.0
480,75,20,3,38,0.041666666666666664,15,2,6,2,4,5,0.08888888888888889
480,75,19,2,36,0.041666666666666664,68,8,0,5,3,0,0.0
480,75,16,1,17,0.041666666666666664,62,2,0,3,6,1384,24.604444444444447
480,75,19,3,27,0.041666666666666664,57,3,10,0,0,408,7.253333333333334
480,75,18,2,37,0.041666666666666664,58,6,7,5,8,0,0.0
480,75,15,3,16,0.041666666666666664,53,8,7,2,7,2263,40.23111111111111
480,75,16,2,29,0.041666666666666664,60,4,6,4,0,0,0.0
480,75,18,1,36,0.041666666666666664,33,3,5,2,1,0,0.0
480,75,17,1,46,0.041666666666666664,19,6,0,3,4,39,0.6933333333333334
480,75,15,1,28,0.041666666666666664,45,9,2,0,5,3610,64.17777777777778
480,75,19,3,20,0.041666666666666664,38,9,10,4,0,147,2.6133333333333333
480,75,18,1,48,0.041666666666666664,43,3,3,3,5,16,0.28444444444444444
480,75,17,1,40,0.041666666666666664,63,5,8,3,2,207,3.6799999999999997
480,75,19,2,43,0.041666666666666664,26,9,5,4,7,12,0.21333333333333335
480,75,15,2,38,0.041666666666666664,75,7,4,3,1,970,17.244444444444447
480,75,15,2,26,0.041666666666666664,33,8,3,5,7,81,1.44
480,75,15,1,45,0.041666666666666664,54,2,10,3,1,59,1.048888888888889
480,75,16,2,14,0.041666666666666664,38,7,0,1,0,4481,79.66222222222223
480,75,18,3,14,0.041666666666666664,13,9,0,2,3,1573,27.964444444444442
480,75,20,3,44,0.041666666666666664,36,2,7,2,2,3,0.05333333333333334
480,75,16,2,42,0.041666666666666664,39,3,1,4,1,0,0.0
480,75,17,3,32,0.041666666666666664,28,6,5,0,1,373,6.631111111111111
480,75,15,3,18,0.041666666666666664,72,2,10,1,8,1711,30.417777777777776
480,75,16,2,32,0.041666666666666664,53,9,3,4,3,378,6.72
480,75,19,2,16,0.041666666666666664,33,4,0,0,7,997,17.724444444444444
480,75,16,2,44,0.041666666666666664,68,9,8,0,10,1683,29.92
480,75,19,2,15,0.041666666666666664,63,4,9,0,3,1303,23.16444444444444
480,75,19,1,47,0.041666666666666664,60,6,1,1,8,481,8.55111111111111
480,75,17,3,43,0.041666666666666664,25,5,4,4,6,0,0.0
480,75,18,3,38,0.041666666666666664,69,4,6,0,3,1818,32.32
480,75,16,2,47,0.041666666666666664,49,6,0,1,0,352,6.257777777777777
480,75,20,1,33,0.041666666666666664,25,2,3,1,0,606,10.773333333333333
480,75,17,3,22,0.041666666666666664,31,3,6,2,7,1235,21.955555555555556
480,75,20,1,18,0.041666666666666664,20,6,2,0,8,1913,34.00888888888889
480,75,16,1,23,0.041666666666666664,24,8,2,1,3,1658,29.475555555555555
480,75,17,3,43,0.041666666666666664,50,4,7,3,3,26,0.4622222222222222
480,75,17,2,39,0.041666666666666664,61,4,10,4,3,0,0.0
480,75,16,3,14,0.041666666666666664,39,2,0,4,1,728,12.942222222222222
480,75,17,3,19,0.041666666666666664,72,8,10,5,10,1020,18.133333333333333
480,75,20,1,22,0.041666666666666664,11,7,8,3,1,543,9.653333333333332
480,75,16,2,33,0.041666666666666664,24,4,10,1,8,136,2.417777777777778
480,75,20,2,28,0.041666666666666664,37,9,9,1,7,150,2.666666666666667
480,75,18,2,26,0.041666666666666664,55,9,3,5,5,0,0.0
480,75,17,3,21,0.041666666666666664,50,8,0,2,3,4374,77.75999999999999
480,75,16,3,32,0.041666666666666664,67,2,4,0,5,2268,40.32
480,75,17,1,35,0.041666666666666664,31,5,3,3,6,585,10.4
480,75,17,2,47,0.041666666666666664,52,5,10,4,7,0,0.0
480,75,18,1,13,0.041666666666666664,46,2,8,5,4,429,7.626666666666666
480,75,20,2,35,0.041666666666666664,54,9,2,4,10,2732,48.56888888888889
480,75,15,3,47,0.041666666666666664,10,2,6,5,10,0,0.0
480,75,18,3,30,0.041666666666666664,43,8,0,1,0,73,1.2977777777777777
480,75,18,3,19,0.041666666666666664,51,8,10,2,8,564,10.026666666666667
480,75,19,1,15,0.041666666666666664,46,10,2,2,5,1926,34.239999999999995
480,75,17,3,38,0.041666666666666664,40,7,8,1,10,223,3.9644444444444447
480,75,20,3,41,0.041666666666666664,18,9,10,5,7,0,0.0
480,75,20,2,44,0.041666666666666664,69,8,0,0,5,4244,75.44888888888889
480,75,15,3,31,0.041666666666666664,23,9,3,1,3,1160,20.622222222222224
480,75,19,1,17,0.041666666666666664,48,4,8,5,5,432,7.68
480,75,18,3,25,0.041666666666666664,54,6,7,5,0,0,0.0
480,75,19,2,48,0.041666666666666664,36,5,3,3,7,0,0.0
480,75,15,3,26,0.041666666666666664,33,6,4,5,5,1213,21.564444444444444
480,75,18,3,38,0.041666666666666664,58,2,0,4,3,1111,19.75111111111111
480,75,16,2,41,0.041666666666666664,45,4,9,1,8,218,3.8755555555555556
480,75,15,2,28,0.041666666666666664,27,6,2,4,2,61,1.0844444444444445
480,75,18,3,29,0.041666666666666664,11,5,1,0,10,10,0.17777777777777778
480,75,17,2,37,0.041666666666666664,19,9,8,1,5,141,2.506666666666667
480,75,17,2,43,0.041666666666666664,41,9,1,1,6,463,8.231111111111112
480,75,20,2,40,0.041666666666666664,65,2,0,4,9,134,2.3822222222222225
480,75,19,3,13,0.041666666666666664,39,5,8,4,5,581,10.328888888888889
480,75,20,3,33,0.041666666666666664,45,6,7,5,1,0,0.0
480,75,17,2,14,0.041666666666666664,49,9,7,4,8,1455,25.866666666666667
480,75,16,2,12,0.041666666666666664,39,3,8,0,7,309,5.493333333333333
480,75,18,1,23,0.041666666666666664,52,4,1,3,1,1422,25.28
480,75,18,3,13,0.041666666666666664,49,7,0,0,6,4195,74.57777777777778
480,75,15,2,42,0.041666666666666664,28,3,6,2,10,76,1.3511111111111112
480,75,18,3,47,0.041666666666666664,74,4,3,2,7,193,3.431111111111111
480,75,15,2,19,0.041666666666666664,25,10,7,0,7,1047,18.613333333333333
480,75,19,3,47,0.041666666666666664,62,3,5,4,7,81,1.44
480,75,15,2,25,0.041666666666666664,25,3,6,5,8,0,0.0
480,75,18,2,36,0.041666666666666664,46,9,7,4,10,15,0.26666666666666666
480,75,18,1,22,0.041666666666666664,19,5,10,2,5,191,3.3955555555555557
480,75,18,2,44,0.041666666666666664,42,5,7,5,9,0,0.0
480,75,19,1,39,0.041666666666666664,43,10,9,3,2,127,2.2577777777777777
480,75,15,1,39,0.041666666666666664,26,7,0,2,1,105,1.866666666666667
480,75,16,3,13,0.041666666666666664,52,6,6,2,8,1646,29.262222222222224
480,75,17,3,42,0.041666666666666664,72,9,8,1,6,1003,17.831111111111113
480,75,18,1,37,0.041666666666666664,62,7,3,2,1,2508,44.586666666666666
480,75,16,1,27,0.041666666666666664,12,3,1,0,1,591,10.506666666666668
480,75,15,1,26,0.041666666666666664,28,8,2,4,1,82,1.4577777777777778
480,75,17,2,19,0.041666666666666664,63,10,10,4,1,478,8.497777777777777
480,75,16,2,20,0.041666666666666664,27,4,4,1,1,1380,24.53333333333333
480,75,17,1,43,0.041666666666666664,55,9,8,1,1,500,8.88888888888889
480,75,19,2,13,0.041666666666666664,62,5,1,0,1,5018,89.2088888888889
480,75,20,2,29,0.041666666666666664,49,2,10,2,7,307,5.457777777777778
480,75,16,1,38,0.041666666666666664,44,9,6,1,8,1627,28.924444444444447
480,75,17,2,33,0.041666666666666664,52,10,6,3,2,127,2.2577777777777777
480,75,17,2,21,0.041666666666666664,31,4,2,2,0,779,13.848888888888888
480,75,16,3,43,0.041666666666666664,55,5,1,2,9,214,3.8044444444444445
480,75,16,3,38,0.041666666666666664,74,6,6,4,0,0,0.0
480,75,20,3,32,0.041666666666666664,24,3,3,3,2,21,0.37333333333333335
480,75,16,2,15,0.041666666666666664,46,5,2,4,5,0,0.0
480,75,20,1,17,0.041666666666666664,17,10,5,5,5,968,17.20888888888889
480,75,18,3,40,0.041666666666666664,42,7,6,4,9,7,0.12444444444444445
480,75,17,1,22,0.041666666666666664,71,5,8,4,3,904,16.07111111111111
480,75,20,1,16,0.041666666666666664,30,2,5,3,4,311,5.528888888888889
480,75,17,2,26,0.041666666666666664,20,10,0,2,10,14,0.2488888888888889
480,75,19,1,28,0.041666666666666664,41,8,6,0,6,2544,45.22666666666667
480,75,15,2,32,0.041666666666666664,74,4,3,3,2,287,5.102222222222222
480,75,17,1,31,0.041666666666666664,43,5,4,1,1,917,16.302222222222223
480,75,15,1,29,0.041666666666666664,39,10,9,0,10,781,13.884444444444444
480,75,19,1,16,0.041666666666666664,75,6,3,0,10,2732,48.56888888888889
480,75,18,1,14,0.041666666666666664,34,8,6,1,9,1524,27.093333333333337
480,75,20,3,33,0.041666666666666664,24,4,6,0,10,198,3.52
480,75,17,1,27,0.041666666666666664,41,8,0,5,3,0,0.0
480,75,18,2,35,0.041666666666666664,50,7,0,3,2,172,3.0577777777777775
480,75,16,1,44,0.041666666666666664,55,10,2,3,3,180,3.2
480,75,20,2,18,0.041666666666666664,42,10,3,2,0,2211,39.306666666666665
480,75,16,1,29,0.041666666666666664,39,8,0,4,9,879,15.626666666666667
480,75,18,1,12,0.041666666666666664,44,4,7,1,2,966,17.173333333333332
480,75,15,2,23,0.041666666666666664,26,6,2,1,8,1667,29.635555555555555
480,75,15,3,42,0.041666666666666664,29,5,3,2,10,0,0.0
480,75,15,2,13,0.041666666666666664,64,6,0,4,2,5161,91.75111111111111
480,75,16,3,30,0.041666666666666664,44,8,5,4,4,15,0.26666666666666666
480,75,19,3,39,0.041666666666666664,49,9,9,0,4,366,6.506666666666666
480,75,17,2,20,0.041666666666666664,42,8,5,5,8,475,8.444444444444445
480,75,17,2,37,0.041666666666666664,61,6,6,4,0,93,1.6533333333333333
480,75,18,2,34,0.041666666666666664,28,3,7,5,8,0,0.0
480,75,18,3,22,0.041666666666666664,71,7,6,2,1,3108,55.25333333333333
480,75,16,2,35,0.041666666666666664,35,2,4,2,6,73,1.2977777777777777
480,75,17,1,15,0.041666666666666664,10,6,4,2,5,562,9.991111111111111
480,75,20,2,19,0.041666666666666664,20,10,9,3,6,275,4.888888888888889
480,75,16,1,22,0.041666666666666664,34,5,1,4,2,712,12.65777777777778
480,75,18,1,45,0.041666666666666664,54,7,1,2,4,215,3.822222222222222
480,75,18,2,24,0.041666666666666664,28,5,8,1,10,388,6.897777777777778
480,75,20,1,19,0.041666666666666664,15,6,9,1,3,556,9.884444444444444
480,75,16,3,40,0.041666666666666664,45,4,0,0,8,550,9.777777777777779
480,75,17,2,40,0.041666666666666664,28,7,7,1,2,5,0.08888888888888889
480,75,15,1,26,0.041666666666666664,71,9,6,5,9,0,0.0
480,75,16,2,46,0.041666666666666664,57,7,2,1,0,355,6.311111111111112
480,75,17,3,26,0.041666666666666664,38,4,5,1,4,708,12.586666666666666
480,75,20,1,12,0.041666666666666664,72,4,5,0,0,480,8.533333333333333
480,75,17,1,47,0.041666666666666664,56,10,2,0,4,1500,26.666666666666668
480,75,16,3,29,0.041666666666666664,52,9,6,1,7,1787,31.768888888888892
480,75,19,3,22,0.041666666666666664,40,9,3,3,1,266,4.728888888888889
480,75,20,2,47,0.041666666666666664,30,8,5,0,9,2,0.035555555555555556
480,75,20,2,48,0.041666666666666664,65,8,2,2,7,210,3.733333333333334
480,75,20,3,32,0.041666666666666664,22,3,9,4,2,0,0.0
480,75,18,2,38,0.041666666666666664,43,2,3,0,7,976,17.351111111111113
480,75,17,1,43,0.041666666666666664,48,10,7,1,7,2720,48.355555555555554
480,75,19,2,48,0.041666666666666664,11,2,1,2,6,71,1.2622222222222221
480,75,15,3,25,0.041666666666666664,53,6,1,3,10,0,0.0
480,75,15,1,19,0.041666666666666664,51,9,5,0,9,1527,27.14666666666667
480,75,17,3,22,0.041666666666666664,68,8,9,4,9,875,15.555555555555555
480,75,20,2,41,0.041666666666666664,46,8,4,0,0,83,1.4755555555555555
480,75,19,1,18,0.041666666666666664,17,8,4,2,6,1121,19.92888888888889
480,75,15,3,15,0.041666666666666664,27,8,5,0,6,2428,43.16444444444444
480,75,20,2,14,0.041666666666666664,47,8,4,0,4,1519,27.00444444444444
480,75,16,3,32,0.041666666666666664,47,9,7,2,3,380,6.755555555555555
480,75,15,2,25,0.041666666666666664,27,3,0,4,8,31,0.5511111111111111
480,75,20,1,40,0.041666666666666664,43,8,0,2,2,803,14.275555555555556
480,75,20,1,42,0.041666666666666664,25,6,7,3,1,78,1.3866666666666667
480,75,17,1,26,0.041666666666666664,70,10,0,1,8,5199,92.42666666666666
480,75,20,3,39,0.041666666666666664,26,5,2,1,8,98,1.7422222222222221
480,75,17,2,44,0.041666666666666664,11,3,8,1,9,73,1.2977777777777777
480,75,17,3,24,0.041666666666666664,22,2,3,2,2,108,1.92
480,75,17,2,26,0.041666666666666664,66,7,8,0,5,1902,33.81333333333333
480,75,16,3,20,0.041666666666666664,45,6,8,1,2,1267,22.524444444444445
480,75,15,2,14,0.041666666666666664,12,8,0,4,3,0,0.0
480,75,18,2,40,0.041666666666666664,65,8,7,5,5,0,0.0
480,75,18,3,21,0.041666666666666664,35,8,8,5,4,0,0.0
480,75,17,1,30,0.041666666666666664,39,3,7,4,6,361,6.417777777777777
480,75,16,2,17,0.041666666666666664,59,10,7,3,10,0,0.0
480,75,20,1,48,0.041666666666666664,65,3,1,0,8,1101,19.573333333333334
480,75,15,1,44,0.041666666666666664,33,3,6,5,10,0,0.0
480,75,17,1,28,0.041666666666666664,31,10,0,5,0,142,2.5244444444444443
480,75,18,3,39,0.041666666666666664,57,5,4,2,8,0,0.0
480,75,19,2,42,0.041666666666666664,15,10,2,1,6,7,0.12444444444444445
480,75,16,1,43,0.041666666666666664,50,10,1,0,7,2241,39.839999999999996
480,75,19,2,19,0.041666666666666664,40,3,9,1,9,400,7.111111111111111
480,75,17,3,42,0.041666666666666664,44,3,0,4,4,0,0.0
480,75,16,2,16,0.041666666666666664,60,2,0,3,3,2548,45.297777777777775
480,75,17,3,45,0.041666666666666664,33,5,8,3,6,0,0.0
480,75,18,1,47,0.041666666666666664,65,8,9,4,3,0,0.0
480,75,15,3,32,0.041666666666666664,53,10,4,4,9,1367,24.302222222222223
480,75,17,1,46,0.041666666666666664,16,3,3,2,8,0,0.0
480,75,16,2,35,0.041666666666666664,40,8,4,0,3,814,14.471111111111112
480,75,17,2,14,0.041666666666666664,56,3,1,4,0,0,0.0
480,75,19,3,22,0.041666666666666664,73,2,6,0,3,2927,52.035555555555554
480,75,15,2,26,0.041666666666666664,39,4,9,3,7,410,7.28888888888889
480,75,20,3,30,0.041666666666666664,74,8,10,5,7,235,4.177777777777777
480,75,19,1,32,0.041666666666666664,39,5,2,3,8,961,17.084444444444443
480,75,18,3,32,0.041666666666666664,43,5,6,0,8,636,11.306666666666667
480,75,18,1,48,0.041666666666666664,65,9,5,1,8,2351,41.79555555555556
480,75,17,2,38,0.041666666666666664,19,4,6,2,0,55,0.9777777777777777
480,75,17,3,39,0.041666666666666664,16,2,3,5,9,0,0.0
480,75,20,2,29,0.041666666666666664,46,3,8,0,5,160,2.8444444444444446
480,75,15,2,42,0.041666666666666664,35,7,10,3,3,16,0.28444444444444444
480,75,17,1,47,0.041666666666666664,20,4,9,0,7,358,6.364444444444445
480,75,19,2,32,0.041666666666666664,22,10,1,4,9,0,0.0
480,75,15,1,31,0.041666666666666664,67,2,2,1,1,1500,26.666666666666668
480,75,16,3,22,0.041666666666666664,46,4,5,5,1,591,10.506666666666668
480,75,20,3,17,0.041666666666666664,28,9,4,2,9,1388,24.675555555555555
480,75,18,1,46,0.041666666666666664,45,4,10,5,2,0,0.0
480,75,19,1,32,0.041666666666666664,57,8,8,3,7,887,15.768888888888888
480,75,16,3,36,0.041666666666666664,11,3,6,1,1,2,0.035555555555555556
480,75,15,3,30,0.041666666666666664,26,6,9,1,7,299,5.315555555555555
480,75,15,2,12,0.041666666666666664,69,7,6,2,7,4153,73.83111111111111
480,75,16,1,16,0.041666666666666664,23,7,1,2,5,1494,26.56
480,75,17,3,19,0.041666666666666664,11,7,6,4,4,0,0.0
480,75,16,2,18,0.041666666666666664,45,9,3,1,3,2836,50.41777777777777
480,75,15,3,48,0.041666666666666664,61,5,9,1,9,340,6.044444444444444
480,75,17,3,14,0.041666666666666664,63,2,5,2,3,2298,40.85333333333334
480,75,16,3,25,0.041666666666666664,66,8,8,4,8,1043,18.54222222222222
480,75,20,3,37,0.041666666666666664,29,7,2,1,5,0,0.0
480,75,16,2,30,0.041666666666666664,53,5,10,1,9,0,0.0
480,75,16,3,44,0.041666666666666664,68,9,5,2,2,199,3.537777777777778
480,75,18,2,14,0.041666666666666664,37,4,0,3,2,1909,33.937777777777775
480,75,16,1,24,0.041666666666666664,69,5,4,4,8,217,3.857777777777778
480,75,16,3,22,0.041666666666666664,55,3,3,1,9,2538,45.12
480,75,18,1,28,0.041666666666666664,72,6,4,3,5,2157,38.34666666666667
480,75,19,3,18,0.041666666666666664,29,3,8,2,10,423,7.5200000000000005
480,75,15,2,44,0.041666666666666664,50,6,4,1,0,227,4.035555555555556
480,75,19,3,21,0.041666666666666664,36,8,8,3,1,605,10.755555555555556
480,75,19,1,48,0.041666666666666664,30,8,9,1,1,48,0.8533333333333334
480,75,16,1,25,0.041666666666666664,19,10,10,4,0,119,2.1155555555555554
480,75,19,2,26,0.041666666666666664,20,8,3,3,6,0,0.0
480,75,20,3,37,0.041666666666666664,14,9,10,5,8,0,0.0
480,75,18,2,13,0.041666666666666664,42,9,1,4,0,3536,62.86222222222222
480,75,19,2,38,0.041666666666666664,48,4,6,5,4,0,0.0
480,75,18,3,42,0.041666666666666664,51,10,2,2,10,147,2.6133333333333333
480,75,15,3,28,0.041666666666666664,48,9,7,2,3,739,13.137777777777778
480,75,20,1,32,0.041666666666666664,59,2,7,1,1,1087,19.324444444444445
480,75,15,3,43,0.041666666666666664,40,7,5,1,6,0,0.0
480,75,19,3,22,0.041666666666666664,28,2,1,4,2,0,0.0
480,75,15,1,30,0.041666666666666664,46,2,0,1,7,394,7.004444444444445
480,75,19,1,24,0.041666666666666664,19,6,5,1,3,1134,20.16
480,75,20,1,32,0.041666666666666664,19,3,5,1,5,905,16.08888888888889
480,75,15,2,29,0.041666666666666664,17,5,0,1,5,301,5.351111111111111
480,75,20,3,22,0.041666666666666664,68,5,4,4,3,1887,33.54666666666667
480,75,18,3,17,0.041666666666666664,29,5,1,3,5,0,0.0
480,75,19,1,27,0.041666666666666664,42,3,1,2,5,2544,45.22666666666667
480,75,18,3,27,0.041666666666666664,75,10,8,3,5,0,0.0
480,75,19,3,19,0.041666666666666664,39,3,8,0,3,923,16.40888888888889
480,75,16,3,44,0.041666666666666664,20,10,3,3,7,1,0.017777777777777778
480,75,19,3,14,0.041666666666666664,57,7,6,4,2,2339,41.58222222222222
480,75,20,3,35,0.041666666666666664,37,3,1,4,5,0,0.0
480,75,18,1,21,0.041666666666666664,71,6,7,5,9,1109,19.715555555555557
480,75,18,1,47,0.041666666666666664,67,5,6,4,3,59,1.048888888888889
480,75,15,2,48,0.041666666666666664,59,5,9,1,1,329,5.848888888888889
480,75,16,1,33,0.041666666666666664,12,5,2,0,3,1245,22.133333333333333
480,75,17,1,43,0.041666666666666664,39,2,5,4,3,24,0.4266666666666667
480,75,20,2,28,0.041666666666666664,57,2,7,4,2,0,0.0
480,75,18,2,17,0.041666666666666664,50,3,1,3,7,2039,36.24888888888889
480,75,15,3,13,0.041666666666666664,59,8,0,1,2,5247,93.28
480,75,20,1,37,0.041666666666666664,62,8,0,4,4,81,1.44
480,75,15,3,30,0.041666666666666664,72,5,9,5,9,0,0.0
480,75,20,1,18,0.041666666666666664,22,4,2,3,8,305,5.422222222222222
480,75,18,2,23,0.041666666666666664,60,4,8,3,3,628,11.164444444444445
480,75,18,3,37,0.041666666666666664,15,8,4,5,7,0,0.0
480,75,16,2,46,0.041666666666666664,36,10,10,0,8,106,1.8844444444444446
480,75,20,3,13,0.041666666666666664,68,3,3,4,10,1998,35.52
480,75,16,2,46,0.041666666666666664,48,2,3,4,8,0,0.0
480,75,15,2,27,0.041666666666666664,22,8,7,5,3,0,0.0
480,75,15,3,27,0.041666666666666664,11,4,10,4,8,0,0.0
480,75,17,2,42,0.041666666666666664,16,8,0,3,5,309,5.493333333333333
480,75,20,3,12,0.041666666666666664,69,5,8,1,6,2366,42.062222222222225
480,75,15,2,41,0.041666666666666664,29,4,3,5,10,0,0.0
480,75,18,3,20,0.041666666666666664,16,3,5,4,4,0,0.0
480,75,17,3,33,0.041666666666666664,21,6,0,1,8,115,2.0444444444444447
480,75,16,2,46,0.041666666666666664,38,5,0,5,9,4,0.07111111111111111
480,75,19,1,17,0.041666666666666664,47,9,2,0,6,2435,43.28888888888889
480,75,15,2,43,0.041666666666666664,60,9,8,0,3,616,10.95111111111111
480,75,16,2,15,0.041666666666666664,62,8,9,1,0,1689,30.026666666666667
480,75,19,2,18,0.041666666666666664,20,2,9,0,3,318,5.653333333333333
480,75,16,1,25,0.041666666666666664,47,4,4,0,5,663,11.786666666666665
480,75,17,2,15,0.041666666666666664,71,8,0,5,2,4767,84.74666666666667
480,75,16,1,16,0.041666666666666664,58,6,3,2,2,4485,79.73333333333333
480,75,19,1,24,0.041666666666666664,44,2,7,1,5,677,12.035555555555554
480,75,17,3,38,0.041666666666666664,55,10,9,0,0,376,6.684444444444444
480,75,18,1,45,0.041666666666666664,62,3,4,3,9,3,0.05333333333333334
480,75,18,1,13,0.041666666666666664,55,2,4,0,3,709,12.604444444444443
480,75,15,2,42,0.041666666666666664,44,7,3,4,10,183,3.253333333333333
480,75,15,1,16,0.041666666666666664,21,9,4,1,10,1234,21.93777777777778
480,75,19,2,30,0.041666666666666664,72,7,8,4,2,865,15.37777777777778
480,75,18,1,22,0.041666666666666664,33,4,8,5,4,279,4.96
480,75,20,1,45,0.041666666666666664,47,2,7,0,9,412,7.3244444444444445
480,75,19,3,12,0.041666666666666664,61,4,2,1,8,4233,75.25333333333334
480,75,16,1,19,0.041666666666666664,50,4,9,5,2,62,1.1022222222222222
480,75,16,1,32,0.041666666666666664,70,3,2,2,4,1385,24.622222222222224
480,75,18,3,48,0.041666666666666664,66,9,7,4,5,18,0.32
480,75,20,2,47,0.041666666666666664,44,9,8,1,3,763,13.564444444444446
480,75,15,2,24,0.041666666666666664,42,3,3,4,0,0,0.0
480,75,20,2,32,0.041666666666666664,66,2,7,3,6,717,12.746666666666668
480,75,16,1,31,0.041666666666666664,71,2,10,5,10,205,3.644444444444445
480,75,19,2,37,0.041666666666666664,24,2,6,2,9,127,2.2577777777777777
480,75,18,3,26,0.041666666666666664,29,9,0,2,7,0,0.0
480,75,16,1,44,0.041666666666666664,35,9,6,2,2,28,0.4977777777777778
480,75,20,3,33,0.041666666666666664,22,2,1,5,5,0,0.0
480,75,15,3,20,0.041666666666666664,69,7,0,0,5,5267,93.63555555555556
480,75,19,1,22,0.041666666666666664,20,9,7,0,3,1211,21.52888888888889
480,75,15,3,24,0.041666666666666664,45,7,8,4,0,252,4.4799999999999995
480,75,16,3,24,0.041666666666666664,51,8,1,1,9,3780,67.2
480,75,20,1,48,0.041666666666666664,14,7,7,3,9,0,0.0
480,75,15,1,40,0.041666666666666664,30,9,3,1,5,253,4.497777777777777
480,75,17,3,45,0.041666666666666664,48,6,3,4,5,0,0.0
480,75,18,2,45,0.041666666666666664,25,4,9,2,7,10,0.17777777777777778
480,75,17,3,20,0.041666666666666664,19,8,0,2,1,1095,19.466666666666665
480,75,16,3,48,0.041666666666666664,33,6,5,1,9,33,0.5866666666666667
480,75,19,2,29,0.041666666666666664,50,10,3,2,2,736,13.084444444444445
480,75,17,2,42,0.041666666666666664,28,7,9,0,6,209,3.7155555555555555
480,75,17,1,48,0.041666666666666664,63,2,1,2,10,430,7.644444444444444
480,75,17,2,28,0.041666666666666664,27,6,10,1,9,63,1.1199999999999999
480,75,20,3,13,0.041666666666666664,58,2,0,3,9,2060,36.62222222222222
480,75,19,1,26,0.041666666666666664,70,9,5,3,1,2020,35.91111111111111
480,75,19,2,41,0.041666666666666664,64,4,9,3,0,200,3.5555555555555554
480,75,17,2,17,0.041666666666666664,34,3,1,4,1,435,7.733333333333333
480,75,20,1,16,0.041666666666666664,31,4,6,0,4,876,15.573333333333334
480,75,15,1,15,0.041666666666666664,38,3,8,4,4,504,8.959999999999999
480,75,17,3,15,0.041666666666666664,67,5,6,0,3,4555,80.97777777777779
480,75,15,3,14,0.041666666666666664,61,10,2,4,10,5149,91.53777777777778
480,75,15,1,17,0.041666666666666664,29,6,10,3,6,125,2.2222222222222223
480,75,17,1,22,0.041666666666666664,74,9,7,5,10,3088,54.897777777777776
480,75,16,3,33,0.041666666666666664,31,8,5,3,7,0,0.0
480,75,18,1,40,0.041666666666666664,60,4,2,2,4,563,10.00888888888889
480,75,19,2,14,0.041666666666666664,72,3,5,3,2,3279,58.29333333333333
480,75,15,3,31,0.041666666666666664,54,9,9,3,8,557,9.902222222222221
480,75,18,1,12,0.041666666666666664,26,2,1,3,0,250,4.444444444444445
480,75,15,2,29,0.041666666666666664,32,3,7,3,5,0,0.0
480,75,15,1,30,0.041666666666666664,60,5,9,0,7,803,14.275555555555556
480,75,19,1,34,0.041666666666666664,75,8,8,4,1,0,0.0
480,75,16,3,31,0.041666666666666664,74,3,2,4,9,1696,30.151111111111113
480,75,18,1,23,0.041666666666666664,58,4,0,1,8,1692,30.080000000000002
480,75,18,2,12,0.041666666666666664,71,9,10,1,9,911,16.195555555555554
480,75,17,2,29,0.041666666666666664,31,10,4,2,0,86,1.5288888888888887
480,75,16,3,12,0.041666666666666664,62,3,5,3,0,2993,53.208888888888886
480,75,19,3,18,0.041666666666666664,49,8,1,2,3,1193,21.20888888888889
480,75,20,1,34,0.041666666666666664,35,4,2,5,3,457,8.124444444444444
480,75,19,1,41,0.041666666666666664,47,7,10,2,0,119,2.1155555555555554
480,75,19,2,13,0.041666666666666664,66,9,7,1,5,3259,57.937777777777775
480,75,19,3,34,0.041666666666666664,59,10,7,3,3,0,0.0
480,75,15,1,13,0.041666666666666664,46,10,2,1,8,2807,49.90222222222222
480,75,16,3,24,0.041666666666666664,27,7,5,2,7,796,14.151111111111112
480,75,16,2,12,0.041666666666666664,43,8,3,5,2,3211,57.08444444444445
480,75,16,2,14,0.041666666666666664,13,7,10,0,4,276,4.906666666666667
480,75,20,2,40,0.041666666666666664,35,10,3,4,7,1,0.017777777777777778
480,75,17,3,27,0.041666666666666664,34,7,9,4,6,0,0.0
480,75,18,1,12,0.041666666666666664,66,3,2,4,4,3410,60.62222222222222
480,75,19,2,36,0.041666666666666664,56,4,3,5,1,0,0.0
480,75,20,3,40,0.041666666666666664,44,5,8,4,10,5,0.08888888888888889
480,75,16,2,36,0.041666666666666664,41,2,3,3,4,21,0.37333333333333335
480,75,19,3,18,0.041666666666666664,31,6,4,4,4,0,0.0
480,75,16,2,14,0.041666666666666664,49,7,2,0,5,3834,68.16
480,75,20,3,36,0.041666666666666664,65,6,6,4,3,188,3.342222222222222
480,75,20,2,17,0.041666666666666664,52,4,3,5,1,1078,19.164444444444445
480,75,17,2,39,0.041666666666666664,52,6,7,1,8,846,15.040000000000001
480,75,20,1,26,0.041666666666666664,28,5,10,5,2,81,1.44
480,75,15,1,20,0.041666666666666664,66,8,4,4,10,2678,47.60888888888889
480,75,17,1,12,0.041666666666666664,49,3,4,5,9,0,0.0
480,75,19,3,27,0.041666666666666664,14,5,4,2,9,0,0.0
480,75,20,2,30,0.041666666666666664,22,5,4,0,0,80,1.4222222222222223
480,75,16,1,39,0.041666666666666664,71,6,4,2,4,185,3.288888888888889
480,75,18,2,34,0.041666666666666664,11,10,4,4,2,0,0.0
480,75,19,2,40,0.041666666666666664,11,3,4,5,2,0,0.0
480,75,15,3,27,0.041666666666666664,36,2,10,2,5,0,0.0
480,75,18,3,17,0.041666666666666664,33,2,5,5,8,0,0.0
480,75,19,3,48,0.041666666666666664,62,4,9,1,3,0,0.0
480,75,20,3,39,0.041666666666666664,14,6,8,5,9,0,0.0
480,75,19,1,43,0.041666666666666664,71,5,10,5,5,0,0.0
480,75,18,2,20,0.041666666666666664,12,5,10,0,8,244,4.337777777777778
480,75,15,3,45,0.041666666666666664,13,5,6,3,1,0,0.0
480,75,17,3,13,0.041666666666666664,39,8,0,5,3,3208,57.03111111111111
480,75,20,1,26,0.041666666666666664,29,9,0,4,1,113,2.008888888888889
480,75,20,2,34,0.041666666666666664,67,10,0,4,5,0,0.0
480,75,16,2,18,0.041666666666666664,60,7,1,5,0,0,0.0
480,75,16,1,31,0.041666666666666664,42,10,1,3,10,2487,44.21333333333333
480,75,15,2,41,0.041666666666666664,46,2,5,0,6,841,14.951111111111112
480,75,20,1,42,0.041666666666666664,51,7,9,4,8,0,0.0
480,75,18,2,33,0.041666666666666664,33,5,8,1,4,500,8.88888888888889
480,75,15,3,35,0.041666666666666664,69,7,8,0,7,2244,39.89333333333333
480,75,17,1,43,0.041666666666666664,55,4,1,0,1,1351,24.017777777777777
480,75,16,3,42,0.041666666666666664,13,2,5,0,4,3,0.05333333333333334
480,75,19,2,33,0.041666666666666664,28,8,6,1,6,545,9.688888888888888
480,75,18,2,22,0.041666666666666664,23,3,6,4,0,0,0.0
480,75,16,3,46,0.041666666666666664,47,3,8,1,7,21,0.37333333333333335
480,75,17,1,12,0.041666666666666664,69,5,1,3,7,1911,33.973333333333336
480,75,18,3,27,0.041666666666666664,41,4,2,5,6,0,0.0
480,75,17,1,37,0.041666666666666664,24,10,2,2,2,1545,27.46666666666667
480,75,19,3,33,0.041666666666666664,48,7,3,1,8,1500,26.666666666666668
480,75,19,1,28,0.041666666666666664,61,5,2,1,5,3617,64.30222222222223
480,75,17,1,45,0.041666666666666664,34,10,8,3,8,131,2.3288888888888892
480,75,19,1,42,0.041666666666666664,25,6,2,1,2,139,2.471111111111111
480,75,16,2,29,0.041666666666666664,42,10,5,5,4,422,7.502222222222223
480,75,18,2,35,0.041666666666666664,15,7,7,1,4,48,0.8533333333333334
480,75,16,2,14,0.041666666666666664,47,7,5,0,2,4362,77.54666666666667
480,75,17,2,23,0.041666666666666664,56,2,2,0,9,2196,39.04
480,75,18,1,40,0.041666666666666664,70,3,5,4,4,770,13.68888888888889
480,75,20,1,14,0.041666666666666664,43,7,7,2,10,1313,23.342222222222222
480,75,15,3,39,0.041666666666666664,74,6,8,3,0,159,2.8266666666666667
480,75,20,1,19,0.041666666666666664,27,4,2,3,2,546,9.706666666666667
480,75,19,1,21,0.041666666666666664,27,3,5,2,4,660,11.733333333333333
480,75,18,1,38,0.041666666666666664,74,10,10,3,6,359,6.3822222222222225
480,75,15,2,34,0.041666666666666664,41,5,7,4,9,0,0.0
480,75,18,1,40,0.041666666666666664,70,3,9,0,3,629,11.182222222222222
480,75,18,3,20,0.041666666666666664,20,9,0,4,0,61,1.0844444444444445
480,75,19,1,25,0.041666666666666664,66,7,6,4,10,2997,53.28000000000001
480,75,15,2,48,0.041666666666666664,39,2,10,3,9,13,0.2311111111111111
480,75,20,2,43,0.041666666666666664,15,8,5,3,6,0,0.0
480,75,18,2,24,0.041666666666666664,15,4,10,1,6,59,1.048888888888889
480,75,20,1,38,0.041666666666666664,74,9,2,4,5,170,3.022222222222222
480,75,20,2,41,0.041666666666666664,15,7,6,5,10,0,0.0
480,75,18,3,46,0.041666666666666664,62,10,9,1,8,1614,28.69333333333333
480,75,20,1,38,0.041666666666666664,63,9,0,4,0,265,4.711111111111111
480,75,15,2,33,0.041666666666666664,29,9,6,5,5,0,0.0
480,75,18,1,40,0.041666666666666664,60,8,10,0,5,220,3.911111111111111
480,75,18,2,43,0.041666666666666664,14,7,5,2,0,25,0.4444444444444444
480,75,15,1,21,0.041666666666666664,68,5,7,5,0,558,9.92
480,75,17,2,20,0.041666666666666664,21,9,7,4,3,0,0.0
480,75,18,1,32,0.041666666666666664,59,6,5,2,1,1266,22.506666666666668
480,75,20,2,12,0.041666666666666664,50,9,7,4,0,1796,31.92888888888889
480,75,20,3,44,0.041666666666666664,15,5,4,0,6,5,0.08888888888888889
480,75,20,3,48,0.041666666666666664,55,10,0,3,7,0,0.0
480,75,19,3,20,0.041666666666666664,74,10,1,2,9,4845,86.13333333333333
480,75,20,3,34,0.041666666666666664,57,10,0,3,3,847,15.057777777777778
480,75,20,3,26,0.041666666666666664,39,3,10,0,2,366,6.506666666666666
480,75,20,3,40,0.041666666666666664,47,6,5,4,6,33,0.5866666666666667
480,75,17,3,14,0.041666666666666664,10,10,8,2,1,421,7.484444444444445
480,75,15,2,17,0.041666666666666664,30,8,9,0,5,478,8.497777777777777
480,75,17,1,34,0.041666666666666664,48,8,2,5,1,0,0.0
480,75,19,3,25,0.041666666666666664,32,8,9,0,8,375,6.666666666666667
480,75,20,1,34,0.041666666666666664,52,7,9,0,5,838,14.897777777777776
480,75,17,2,44,0.041666666666666664,70,7,6,5,7,0,0.0
480,75,18,2,35,0.041666666666666664,67,9,8,3,0,609,10.826666666666666
480,75,17,1,30,0.041666666666666664,37,7,10,2,10,318,5.653333333333333
480,75,17,2,12,0.041666666666666664,23,5,10,1,9,310,5.511111111111111
480,75,17,3,28,0.041666666666666664,55,8,9,3,3,916,16.284444444444446
480,75,20,2,21,0.041666666666666664,71,7,10,4,2,670,11.911111111111111
480,75,18,1,32,0.041666666666666664,67,5,2,1,7,4104,72.96000000000001
480,75,19,1,30,0.041666666666666664,47,9,8,3,5,560,9.955555555555556
480,75,17,1,15,0.041666666666666664,28,6,7,0,8,1048,18.631111111111114
480,75,15,2,48,0.041666666666666664,29,8,6,2,4,9,0.16
480,75,16,3,48,0.041666666666666664,54,7,7,2,3,654,11.626666666666667
480,75,16,1,35,0.041666666666666664,70,7,4,5,6,601,10.684444444444445
480,75,19,3,34,0.041666666666666664,45,3,2,3,8,0,0.0
480,75,19,1,20,0.041666666666666664,57,5,7,3,6,554,9.848888888888888
480,75,20,3,15,0.041666666666666664,16,2,0,1,2,721,12.817777777777778
480,75,17,3,30,0.041666666666666664,72,2,4,1,0,1377,24.48
480,75,15,2,37,0.041666666666666664,60,5,7,0,4,573,10.186666666666666
480,75,20,1,46,0.041666666666666664,34,10,2,4,9,717,12.746666666666668
480,75,18,2,46,0.041666666666666664,71,5,6,4,8,0,0.0
480,75,18,3,36,0.041666666666666664,53,6,7,5,5,0,0.0
480,75,18,2,14,0.041666666666666664,52,7,4,0,5,4258,75.69777777777777
480,75,16,1,27,0.041666666666666664,62,4,0,4,0,762,13.546666666666669
480,75,19,1,14,0.041666666666666664,59,7,0,3,6,3746,66.59555555555555
480,75,17,3,21,0.041666666666666664,48,9,7,4,2,0,0.0
480,75,20,1,35,0.041666666666666664,67,5,5,0,10,3140,55.822222222222216
480,75,19,3,12,0.041666666666666664,71,4,5,5,3,3265,58.044444444444444
480,75,18,1,33,0.041666666666666664,55,4,2,4,9,0,0.0
480,75,15,2,35,0.041666666666666664,49,4,9,3,1,0,0.0
480,75,18,2,24,0.041666666666666664,60,9,6,5,10,0,0.0
480,75,17,2,48,0.041666666666666664,24,7,10,3,9,0,0.0
480,75,17,3,24,0.041666666666666664,41,8,3,5,10,0,0.0
480,75,18,3,39,0.041666666666666664,20,9,0,2,9,47,0.8355555555555555
480,75,18,2,40,0.041666666666666664,75,7,6,0,7,2113,37.56444444444445
480,75,16,3,12,0.041666666666666664,53,9,8,0,3,2171,38.595555555555556
480,75,20,2,33,0.041666666666666664,58,6,8,0,2,62,1.1022222222222222
480,75,15,2,33,0.041666666666666664,63,9,4,4,4,624,11.093333333333334
480,75,20,2,17,0.041666666666666664,32,5,8,5,4,695,12.355555555555556
480,75,20,1,19,0.041666666666666664,29,2,10,0,2,371,6.595555555555556
480,75,17,1,26,0.041666666666666664,69,5,2,0,3,4606,81.88444444444445
480,75,17,3,12,0.041666666666666664,29,7,6,1,7,267,4.746666666666666
480,75,19,3,16,0.041666666666666664,36,9,9,1,10,844,15.004444444444445
480,75,20,1,45,0.041666666666666664,28,4,8,0,4,451,8.017777777777777
480,75,15,3,32,0.041666666666666664,44,3,2,0,1,1072,19.05777777777778
480,75,19,1,46,0.041666666666666664,43,4,7,1,4,658,11.697777777777778
480,75,15,3,20,0.041666666666666664,67,9,6,2,7,4431,78.77333333333333
480,75,18,1,46,0.041666666666666664,13,3,8,1,8,10,0.17777777777777778
480,75,17,2,33,0.041666666666666664,51,2,4,1,9,795,14.133333333333335
480,75,19,3,47,0.041666666666666664,22,9,10,3,1,0,0.0
480,75,16,2,47,0.041666666666666664,32,2,9,1,10,15,0.26666666666666666
480,75,15,3,21,0.041666666666666664,24,9,3,2,0,601,10.684444444444445
480,75,16,3,26,0.041666666666666664,74,5,5,5,0,678,12.053333333333335
480,75,17,3,42,0.041666666666666664,11,2,0,2,5,0,0.0
480,75,16,1,15,0.041666666666666664,39,5,1,4,3,0,0.0
480,75,17,3,48,0.041666666666666664,34,3,5,4,0,8,0.14222222222222222
480,75,18,3,43,0.041666666666666664,10,2,9,4,3,0,0.0
480,75,18,2,28,0.041666666666666664,33,10,1,5,5,34,0.6044444444444445
480,75,16,2,27,0.041666666666666664,60,4,0,3,10,1349,23.982222222222223
480,75,18,3,43,0.041666666666666664,51,8,2,2,9,37,0.6577777777777778
480,75,19,1,24,0.041666666666666664,33,6,7,5,2,175,3.111111111111111
480,75,18,2,33,0.041666666666666664,75,7,5,5,4,2295,40.8
480,75,20,1,44,0.041666666666666664,31,2,2,5,5,0,0.0
480,75,20,1,37,0.041666666666666664,59,2,3,2,3,381,6.773333333333334
480,75,17,1,23,0.041666666666666664,41,3,1,0,4,1940,34.488888888888894
480,75,16,3,18,0.041666666666666664,54,3,5,0,1,2587,45.99111111111111
480,75,18,3,29,0.041666666666666664,74,3,0,5,3,923,16.40888888888889
480,75,19,1,30,0.041666666666666664,13,9,2,1,8,2217,39.413333333333334
480,75,16,2,22,0.041666666666666664,49,10,4,0,4,4603,81.83111111111111
480,75,19,3,25,0.041666666666666664,19,3,1,1,9,598,10.63111111111111
480,75,16,1,30,0.041666666666666664,70,9,6,2,6,1848,32.85333333333333
480,75,16,1,35,0.041666666666666664,27,9,2,5,0,98,1.7422222222222221
480,75,19,2,33,0.041666666666666664,35,8,6,4,4,0,0.0
480,75,19,2,15,0.041666666666666664,59,5,8,0,1,1198,21.297777777777778
480,75,18,1,16,0.041666666666666664,42,3,6,5,9,867,15.413333333333334
480,75,18,2,30,0.041666666666666664,15,7,5,5,1,0,0.0
480,75,17,1,48,0.041666666666666664,60,2,3,0,6,986,17.52888888888889
480,75,19,1,31,0.041666666666666664,61,8,2,2,6,4807,85.45777777777778
480,75,19,1,31,0.041666666666666664,35,9,4,4,3,363,6.453333333333333
480,75,16,2,32,0.041666666666666664,72,3,9,5,9,77,1.3688888888888888
480,75,16,3,41,0.041666666666666664,12,5,9,3,2,0,0.0
480,75,19,3,24,0.041666666666666664,61,10,0,2,1,3737,66.43555555555555
480,75,20,1,15,0.041666666666666664,18,3,3,1,8,1093,19.43111111111111
480,75,16,2,27,0.041666666666666664,32,4,0,3,0,0,0.0
480,75,19,3,30,0.041666666666666664,65,4,5,3,6,2114,37.58222222222222
480,75,17,2,18,0.041666666666666664,14,5,4,3,9,59,1.048888888888889
480,75,16,2,45,0.041666666666666664,50,6,0,2,7,12,0.21333333333333335
480,75,20,1,42,0.041666666666666664,64,4,1,3,7,0,0.0
480,75,18,3,31,0.041666666666666664,46,6,10,5,1,0,0.0
480,75,20,3,44,0.041666666666666664,58,10,1,0,5,2429,43.18222222222222
480,75,16,3,40,0.041666666666666664,43,7,5,1,10,686,12.195555555555556
480,75,15,2,39,0.041666666666666664,14,5,0,0,9,5,0.08888888888888889
480,75,16,3,25,0.041666666666666664,53,9,4,3,5,53,0.9422222222222223
480,75,16,1,28,0.041666666666666664,22,10,7,4,6,370,6.577777777777778
480,75,17,3,35,0.041666666666666664,65,7,0,4,4,82,1.4577777777777778
480,75,16,3,19,0.041666666666666664,22,8,1,5,7,0,0.0
480,75,20,2,39,0.041666666666666664,53,6,1,1,10,1387,24.657777777777778
480,75,19,1,48,0.041666666666666664,67,6,7,4,8,22,0.3911111111111111
480,75,20,3,34,0.041666666666666664,64,8,1,3,9,1209,21.493333333333332
480,75,20,1,30,0.041666666666666664,10,10,10,5,9,85,1.511111111111111
480,75,20,1,47,0.041666666666666664,41,5,9,4,4,38,0.6755555555555556
480,75,18,2,36,0.041666666666666664,40,9,9,5,3,0,0.0
480,75,19,2,48,0.041666666666666664,29,7,1,2,3,3,0.05333333333333334
480,75,16,2,38,0.041666666666666664,27,8,9,3,10,101,1.7955555555555553
480,75,18,2,41,0.041666666666666664,51,2,0,0,0,693,12.32
480,75,20,1,26,0.041666666666666664,33,2,4,5,7,311,5.528888888888889
480,75,18,1,34,0.041666666666666664,10,5,3,2,3,67,1.1911111111111112
480,75,15,2,30,0.041666666666666664,24,3,7,3,6,0,0.0
480,75,18,2,45,0.041666666666666664,32,4,1,1,3,37,0.6577777777777778
480,75,17,3,45,0.041666666666666664,14,7,4,3,3,0,0.0
480,75,19,3,31,0.041666666666666664,65,3,3,3,9,107,1.9022222222222223
480,75,17,2,17,0.041666666666666664,75,5,0,0,6,5200,92.44444444444444
480,75,16,3,45,0.041666666666666664,60,5,5,2,1,240,4.266666666666667
480,75,15,1,21,0.041666666666666664,35,4,0,3,2,855,15.2
480,75,20,1,40,0.041666666666666664,47,4,7,4,0,0,0.0
480,75,15,2,28,0.041666666666666664,10,9,6,4,8,113,2.008888888888889
480,75,16,3,47,0.041666666666666664,51,6,3,2,5,84,1.4933333333333334
480,75,16,1,24,0.041666666666666664,72,2,7,1,9,1983,35.25333333333333
480,75,16,3,40,0.041666666666666664,42,10,9,2,0,14,0.2488888888888889
480,75,15,1,39,0.041666666666666664,16,10,9,5,1,0,0.0
480,75,16,1,29,0.041666666666666664,68,10,0,3,3,604,10.737777777777778
480,75,20,3,13,0.041666666666666664,68,2,10,3,10,866,15.395555555555557
480,75,20,3,18,0.041666666666666664,36,10,4,2,6,3534,62.82666666666666
480,75,20,1,34,0.041666666666666664,34,2,5,5,8,0,0.0
480,75,17,1,16,0.041666666666666664,11,6,4,4,9,523,9.297777777777778
480,75,17,3,42,0.041666666666666664,58,5,10,3,3,34,0.6044444444444445
480,75,18,1,36,0.041666666666666664,10,9,10,5,2,0,0.0
480,75,19,1,23,0.041666666666666664,33,3,9,3,5,387,6.88
480,75,15,3,29,0.041666666666666664,28,3,6,3,9,0,0.0
480,75,19,3,24,0.041666666666666664,42,5,1,1,6,766,13.617777777777778
480,75,19,3,26,0.041666666666666664,37,2,7,3,0,163,2.897777777777778
480,75,20,2,46,0.041666666666666664,61,6,3,0,7,400,7.111111111111111
480,75,16,1,47,0.041666666666666664,28,10,3,4,3,76,1.3511111111111112
480,75,18,3,24,0.041666666666666664,21,3,6,2,8,0,0.0
480,75,16,1,27,0.041666666666666664,70,6,3,3,10,3540,62.93333333333333
480,75,17,3,16,0.041666666666666664,50,2,8,4,7,421,7.484444444444445
480,75,18,2,44,0.041666666666666664,14,8,5,1,5,0,0.0
480,75,16,2,22,0.041666666666666664,22,5,0,4,5,0,0.0
480,75,15,3,27,0.041666666666666664,53,5,3,4,8,153,2.7199999999999998
480,75,18,3,32,0.041666666666666664,39,6,8,0,7,841,14.951111111111112
480,75,20,2,27,0.041666666666666664,42,2,8,3,8,439,7.804444444444444
480,75,15,3,16,0.041666666666666664,24,9,0,3,5,0,0.0
480,75,16,3,23,0.041666666666666664,17,2,7,1,0,230,4.0888888888888895
480,75,19,2,29,0.041666666666666664,73,8,3,1,2,5094,90.56
480,75,19,3,17,0.041666666666666664,52,7,6,3,2,1975,35.11111111111111
480,75,19,2,35,0.041666666666666664,27,7,10,5,9,0,0.0
480,75,15,2,43,0.041666666666666664,17,5,10,3,3,0,0.0
480,75,19,2,45,0.041666666666666664,27,7,6,0,6,63,1.1199999999999999
480,75,15,1,41,0.041666666666666664,72,8,5,0,0,3398,60.40888888888889
480,75,17,2,36,0.041666666666666664,36,8,5,0,4,424,7.537777777777778
480,75,18,1,13,0.041666666666666664,69,10,7,5,7,3280,58.31111111111112
480,75,17,3,21,0.041666666666666664,11,3,6,3,3,0,0.0
480,75,16,1,31,0.041666666666666664,15,5,0,3,9,270,4.8
480,75,15,1,35,0.041666666666666664,23,3,0,3,5,0,0.0
480,75,19,1,44,0.041666666666666664,66,5,7,4,0,45,0.8
480,75,17,3,29,0.041666666666666664,56,3,2,3,3,0,0.0
480,75,15,3,15,0.041666666666666664,73,8,1,5,7,0,0.0
480,75,17,1,36,0.041666666666666664,17,2,3,5,10,0,0.0
480,75,19,3,28,0.041666666666666664,50,7,6,1,2,497,8.835555555555556
480,75,20,3,17,0.041666666666666664,33,5,7,4,5,0,0.0
480,75,17,3,33,0.041666666666666664,54,5,6,1,1,0,0.0
480,75,19,1,35,0.041666666666666664,45,10,7,5,3,85,1.511111111111111
480,75,20,3,18,0.041666666666666664,39,8,10,5,8,551,9.795555555555556
480,75,18,2,14,0.041666666666666664,25,10,3,0,6,3429,60.96
480,75,20,2,28,0.041666666666666664,28,7,7,2,3,490,8.71111111111111
480,75,16,1,42,0.041666666666666664,64,3,9,1,5,140,2.488888888888889
480,75,18,3,33,0.041666666666666664,12,6,5,1,2,12,0.21333333333333335
480,75,15,1,38,0.041666666666666664,67,2,4,2,10,282,5.013333333333334
480,75,20,1,46,0.041666666666666664,12,5,8,4,2,0,0.0
480,75,18,1,32,0.041666666666666664,52,10,4,1,1,3152,56.03555555555556
480,75,18,2,42,0.041666666666666664,36,5,7,0,2,449,7.982222222222222
480,75,17,1,15,0.041666666666666664,23,5,10,4,9,189,3.36
480,75,17,1,47,0.041666666666666664,48,5,2,4,0,0,0.0
480,75,16,3,41,0.041666666666666664,66,4,7,0,6,1267,22.524444444444445
480,75,17,3,26,0.041666666666666664,62,4,3,0,5,2096,37.26222222222223
480,75,20,3,37,0.041666666666666664,70,4,2,0,2,2952,52.480000000000004
480,75,16,2,12,0.041666666666666664,47,5,5,2,1,1904,33.84888888888889
480,75,15,2,18,0.041666666666666664,58,3,9,5,3,637,11.324444444444444
480,75,17,3,20,0.041666666666666664,35,8,1,0,9,1974,35.093333333333334
480,75,20,3,21,0.041666666666666664,35,6,1,4,7,0,0.0
480,75,18,3,43,0.041666666666666664,17,8,5,5,0,0,0.0
480,75,18,2,36,0.041666666666666664,66,8,7,0,8,2508,44.586666666666666
480,75,18,2,28,0.041666666666666664,11,8,7,5,1,0,0.0
480,75,16,2,25,0.041666666666666664,60,10,7,0,8,4174,74.20444444444443
480,75,20,1,45,0.041666666666666664,70,9,5,4,4,132,2.3466666666666667
480,75,18,1,40,0.041666666666666664,29,6,4,3,9,49,0.8711111111111111
480,75,16,3,21,0.041666666666666664,30,10,6,0,0,1537,27.324444444444445
480,75,15,3,38,0.041666666666666664,57,8,7,3,6,0,0.0
480,75,20,1,33,0.041666666666666664,70,3,5,0,1,1760,31.288888888888888
480,75,15,2,18,0.041666666666666664,45,8,0,1,7,5081,90.3288888888889
480,75,15,3,25,0.041666666666666664,66,9,4,1,5,5176,92.01777777777778
480,75,16,3,47,0.041666666666666664,68,4,5,4,5,34,0.6044444444444445
480,75,20,3,36,0.041666666666666664,69,7,9,3,3,327,5.8133333333333335
480,75,18,1,28,0.041666666666666664,63,6,0,3,9,1385,24.622222222222224
480,75,16,3,24,0.041666666666666664,28,2,0,0,1,404,7.182222222222221
480,75,18,1,18,0.041666666666666664,52,3,3,5,10,1113,19.786666666666665
480,75,19,3,31,0.041666666666666664,26,3,0,2,4,0,0.0
480,75,15,2,48,0.041666666666666664,20,6,4,3,10,26,0.4622222222222222
480,75,15,3,29,0.041666666666666664,11,4,1,0,1,7,0.12444444444444445
480,75,20,1,38,0.041666666666666664,55,9,2,2,1,289,5.137777777777778
480,75,19,1,38,0.041666666666666664,12,3,1,0,2,749,13.315555555555555
480,75,16,3,17,0.041666666666666664,70,5,6,2,0,3361,59.75111111111111
480,75,17,1,33,0.041666666666666664,18,8,7,5,2,0,0.0
480,75,20,1,20,0.041666666666666664,72,9,7,5,7,874,15.537777777777778
480,75,19,3,37,0.041666666666666664,39,10,0,2,1,900,16.0
480,75,15,3,30,0.041666666666666664,56,7,3,1,0,3128,55.608888888888885
480,75,16,2,24,0.041666666666666664,14,2,6,5,6,0,0.0
480,75,16,3,12,0.041666666666666664,46,9,4,5,10,2353,41.83111111111111
480,75,15,2,23,0.041666666666666664,14,5,5,5,3,0,0.0
480,75,19,2,17,0.041666666666666664,43,10,3,3,6,2438,43.34222222222222
480,75,19,2,34,0.041666666666666664,70,10,4,3,1,669,11.893333333333334
480,75,17,2,39,0.041666666666666664,32,2,5,1,8,125,2.2222222222222223
480,75,16,3,23,0.041666666666666664,32,3,1,0,3,1051,18.684444444444445
480,75,18,2,41,0.041666666666666664,47,6,7,0,2,474,8.426666666666668
480,75,19,1,13,0.041666666666666664,47,9,8,4,8,775,13.777777777777779
480,75,17,3,27,0.041666666666666664,17,10,5,0,4,225,4.0
480,75,17,1,44,0.041666666666666664,59,9,1,5,2,0,0.0
480,75,19,1,44,0.041666666666666664,65,6,0,0,5,518,9.20888888888889
480,75,20,2,35,0.041666666666666664,60,7,6,0,7,3356,59.662222222222226
480,75,15,1,29,0.041666666666666664,72,4,6,3,3,901,16.017777777777777
480,75,20,2,47,0.041666666666666664,39,2,0,2,6,52,0.9244444444444444
480,75,19,3,33,0.041666666666666664,42,10,2,3,0,6,0.10666666666666667
480,75,20,2,43,0.041666666666666664,58,10,5,2,2,0,0.0
480,75,20,1,33,0.041666666666666664,71,5,4,0,7,3664,65.13777777777779
480,75,19,3,30,0.041666666666666664,47,3,8,2,8,179,3.1822222222222223
480,75,19,1,31,0.041666666666666664,60,2,1,2,3,1234,21.93777777777778
480,75,16,3,36,0.041666666666666664,37,8,1,4,4,0,0.0
480,75,16,2,40,0.041666666666666664,60,4,6,2,0,93,1.6533333333333333
480,75,15,3,46,0.041666666666666664,54,6,2,2,2,134,2.3822222222222225
480,75,20,1,35,0.041666666666666664,32,5,0,1,9,2886,51.306666666666665
480,75,15,3,26,0.041666666666666664,25,5,3,2,5,216,3.84
480,75,17,3,16,0.041666666666666664,70,4,1,2,1,5114,90.91555555555556
480,75,19,1,19,0.041666666666666664,55,3,3,2,7,1832,32.56888888888889
480,75,16,1,18,0.041666666666666664,32,3,0,2,9,1292,22.968888888888888
480,75,16,2,20,0.041666666666666664,28,5,7,0,10,1007,17.90222222222222
480,75,20,1,17,0.041666666666666664,32,2,5,4,10,463,8.231111111111112
480,75,19,1,24,0.041666666666666664,48,2,9,1,2,670,11.911111111111111
480,75,16,1,33,0.041666666666666664,58,6,8,3,7,471,8.373333333333335
480,75,19,3,39,0.041666666666666664,26,2,7,4,8,0,0.0
480,75,17,1,15,0.041666666666666664,44,5,2,4,6,0,0.0
480,75,16,2,33,0.041666666666666664,71,2,7,3,4,0,0.0
480,75,17,2,24,0.041666666666666664,37,3,1,4,6,4,0.07111111111111111
480,75,16,2,32,0.041666666666666664,16,2,7,3,2,0,0.0
480,75,15,1,14,0.041666666666666664,25,4,7,1,1,605,10.755555555555556
480,75,16,1,20,0.041666666666666664,61,8,8,2,9,719,12.782222222222222
480,75,17,1,25,0.041666666666666664,36,9,6,4,6,0,0.0
480,75,16,3,21,0.041666666666666664,27,4,10,2,3,198,3.52
480,75,20,3,25,0.041666666666666664,36,10,3,5,5,0,0.0
480,75,18,3,37,0.041666666666666664,41,4,10,4,5,0,0.0
480,75,16,2,45,0.041666666666666664,29,2,4,1,4,67,1.1911111111111112
480,75,18,3,31,0.041666666666666664,40,2,7,2,0,162,2.88
480,75,17,3,31,0.041666666666666664,32,9,5,2,7,1555,27.644444444444442
480,75,18,3,41,0.041666666666666664,31,5,6,3,7,253,4.497777777777777
480,75,18,3,22,0.041666666666666664,69,10,9,0,0,2314,41.13777777777778
480,75,16,1,45,0.041666666666666664,47,3,7,4,4,111,1.9733333333333332
480,75,15,1,48,0.041666666666666664,33,8,1,4,8,0,0.0
480,75,20,3,31,0.041666666666666664,12,7,8,5,6,0,0.0
480,75,20,2,29,0.041666666666666664,58,5,1,1,5,3937,69.99111111111111
480,75,18,2,33,0.041666666666666664,52,9,2,2,2,1436,25.52888888888889
480,75,16,3,34,0.041666666666666664,34,7,7,4,0,0,0.0
480,75,18,3,13,0.041666666666666664,45,9,10,3,0,446,7.928888888888889
480,75,17,2,48,0.041666666666666664,70,8,10,0,0,334,5.937777777777778
480,75,15,2,25,0.041666666666666664,64,6,9,2,4,798,14.186666666666667
480,75,17,3,25,0.041666666666666664,45,3,3,3,3,814,14.471111111111112
480,75,20,2,36,0.041666666666666664,15,4,7,0,8,283,5.0311111111111115
480,75,16,3,40,0.041666666666666664,14,9,3,2,1,0,0.0
480,75,16,3,45,0.041666666666666664,62,9,7,2,4,223,3.9644444444444447
480,75,16,2,14,0.041666666666666664,74,9,7,1,7,5226,92.90666666666667
480,75,15,1,36,0.041666666666666664,73,3,5,1,3,1477,26.25777777777778
480,75,18,3,40,0.041666666666666664,42,2,4,1,3,269,4.782222222222223
480,75,20,1,18,0.041666666666666664,16,5,1,0,9,1836,32.64
480,75,18,3,41,0.041666666666666664,46,5,8,0,9,80,1.4222222222222223
480,75,19,3,19,0.041666666666666664,31,4,7,2,4,717,12.746666666666668
480,75,16,3,35,0.041666666666666664,27,5,1,3,3,7,0.12444444444444445
480,75,19,1,40,0.041666666666666664,21,5,9,0,7,412,7.3244444444444445
480,75,15,1,37,0.041666666666666664,56,4,4,1,7,1519,27.00444444444444
480,75,16,2,41,0.041666666666666664,67,9,10,3,9,107,1.9022222222222223
480,75,16,3,21,0.041666666666666664,59,3,1,4,4,0,0.0
480,75,16,1,15,0.041666666666666664,37,6,0,1,10,738,13.120000000000001
480,75,16,3,27,0.041666666666666664,28,5,3,1,0,1136,20.195555555555554
480,75,17,2,23,0.041666666666666664,34,10,4,3,8,0,0.0
480,75,17,1,19,0.041666666666666664,58,2,1,2,0,1188,21.12
480,75,18,2,29,0.041666666666666664,42,9,4,4,3,1499,26.648888888888887
480,75,18,1,39,0.041666666666666664,47,4,4,1,7,1219,21.67111111111111
480,75,19,2,36,0.041666666666666664,33,7,5,4,7,0,0.0
480,75,18,3,18,0.041666666666666664,45,2,3,2,9,1299,23.093333333333334
480,75,20,3,28,0.041666666666666664,59,8,4,5,8,1468,26.097777777777775
480,75,18,3,19,0.041666666666666664,53,2,9,5,1,0,0.0
480,75,19,2,37,0.041666666666666664,62,3,4,4,5,218,3.8755555555555556
480,75,15,3,25,0.041666666666666664,24,2,8,2,2,0,0.0
480,75,18,3,20,0.041666666666666664,34,2,3,4,5,228,4.053333333333333
480,75,19,1,47,0.041666666666666664,11,9,8,1,8,710,12.622222222222224
480,75,17,3,26,0.041666666666666664,64,5,1,0,6,4009,71.27111111111111
480,75,20,1,30,0.041666666666666664,35,8,10,5,2,57,1.0133333333333332
480,75,16,3,38,0.041666666666666664,40,5,1,0,0,207,3.6799999999999997
480,75,19,2,41,0.041666666666666664,38,6,0,2,0,289,5.137777777777778
480,75,16,2,26,0.041666666666666664,24,10,4,5,3,0,0.0
480,75,15,1,19,0.041666666666666664,72,2,9,4,10,406,7.217777777777777
480,75,20,3,34,0.041666666666666664,38,4,7,2,10,348,6.1866666666666665
480,75,17,1,23,0.041666666666666664,71,9,1,4,8,0,0.0
480,75,20,3,24,0.041666666666666664,15,3,9,4,4,215,3.822222222222222
480,75,16,1,31,0.041666666666666664,22,3,4,5,7,32,0.5688888888888889
480,75,15,2,18,0.041666666666666664,36,5,7,2,0,1249,22.204444444444444
480,75,20,3,23,0.041666666666666664,60,2,10,1,2,714,12.693333333333335
480,75,20,2,36,0.041666666666666664,18,3,3,3,2,34,0.6044444444444445
480,75,17,1,33,0.041666666666666664,29,2,4,2,3,208,3.6977777777777776
480,75,18,1,39,0.041666666666666664,58,3,1,3,3,1823,32.40888888888889
480,75,18,3,47,0.041666666666666664,75,10,3,3,3,0,0.0
480,75,19,2,38,0.041666666666666664,19,3,1,4,3,3,0.05333333333333334
480,75,17,3,19,0.041666666666666664,72,2,7,1,0,2167,38.52444444444444
480,75,19,3,13,0.041666666666666664,74,2,7,1,3,3001,53.351111111111116
480,75,19,1,12,0.041666666666666664,43,7,10,0,8,324,5.76
480,75,19,2,19,0.041666666666666664,59,4,5,2,10,1346,23.92888888888889
480,75,18,3,47,0.041666666666666664,43,10,8,1,5,76,1.3511111111111112
480,75,15,3,39,0.041666666666666664,72,6,1,2,3,351,6.239999999999999
480,75,17,1,33,0.041666666666666664,42,2,4,5,1,44,0.7822222222222222
480,75,16,1,26,0.041666666666666664,23,4,4,0,8,1116,19.84
480,75,18,3,45,0.041666666666666664,67,3,9,3,5,421,7.484444444444445
480,75,19,1,24,0.041666666666666664,58,3,10,4,6,177,3.1466666666666665
480,75,17,3,34,0.041666666666666664,24,6,8,5,6,0,0.0
480,75,17,1,43,0.041666666666666664,42,3,5,4,1,140,2.488888888888889
480,75,18,2,31,0.041666666666666664,34,6,3,4,3,42,0.7466666666666667
480,75,20,3,15,0.041666666666666664,47,4,8,1,6,1412,25.10222222222222
480,75,16,3,22,0.041666666666666664,72,2,6,5,6,1355,24.08888888888889
480,75,15,3,17,0.041666666666666664,65,5,2,0,9,4554,80.96
480,75,16,1,29,0.041666666666666664,20,10,8,4,10,26,0.4622222222222222
480,75,15,3,20,0.041666666666666664,38,5,7,1,8,1358,24.142222222222223
480,75,18,3,38,0.041666666666666664,47,9,8,2,8,158,2.8088888888888888
480,75,16,3,44,0.041666666666666664,13,4,7,2,9,0,0.0
480,75,16,3,38,0.041666666666666664,23,7,4,4,4,0,0.0
480,75,16,1,48,0.041666666666666664,55,4,7,2,9,133,2.3644444444444446
480,75,17,1,26,0.041666666666666664,60,6,2,2,4,1410,25.066666666666666
480,75,16,3,31,0.041666666666666664,38,8,7,3,4,0,0.0
480,75,18,2,41,0.041666666666666664,11,7,1,0,2,132,2.3466666666666667
480,75,18,3,34,0.041666666666666664,33,3,1,0,3,977,17.36888888888889
480,75,20,3,22,0.041666666666666664,15,7,5,4,8,76,1.3511111111111112
480,75,17,1,29,0.041666666666666664,73,8,8,4,4,632,11.235555555555555
480,75,20,3,21,0.041666666666666664,30,6,9,5,2,0,0.0
480,75,16,3,33,0.041666666666666664,19,6,4,5,3,0,0.0
480,75,19,3,37,0.041666666666666664,69,7,1,5,7,2050,36.44444444444444
480,75,20,3,16,0.041666666666666664,53,5,3,2,4,2237,39.76888888888889
480,75,17,1,19,0.041666666666666664,38,4,4,0,0,1562,27.76888888888889
480,75,18,3,20,0.041666666666666664,39,5,9,2,8,511,9.084444444444445
